{"cameraMode":{"drawMode":0,"name":"Shaded","section":"Shading Mode"},"sceneLighting":true,"audioPlay":false,"sceneViewState":{"m_AlwaysRefresh":false,"showFog":true,"showSkybox":true,"showFlares":true,"showImageEffects":true,"showParticleSystems":true,"showVisualEffectGraphs":true,"m_FxEnabled":true},"in2DMode":false,"pivot":{"x":-7.354202747344971,"y":13.442655563354493,"z":-10.719429969787598},"rotation":{"x":-0.06585920602083206,"y":-0.10993701964616776,"z":0.007296447642147541,"w":-0.9917399883270264},"size":2.347896099090576,"orthographic":false}