{"cameraMode":{"drawMode":0,"name":"Shaded","section":"Shading Mode"},"sceneLighting":true,"audioPlay":false,"sceneViewState":{"m_AlwaysRefresh":false,"showFog":true,"showSkybox":true,"showFlares":true,"showImageEffects":true,"showParticleSystems":true,"showVisualEffectGraphs":true,"m_FxEnabled":true},"in2DMode":false,"pivot":{"x":6.081060409545898,"y":-0.7249908447265625,"z":1.4560422897338868},"rotation":{"x":0.15019524097442628,"y":-0.4847222566604614,"z":0.08490247279405594,"w":0.857488214969635},"size":10.623775482177735,"orthographic":true}