{"cameraMode":{"drawMode":0,"name":"Shaded","section":"Shading Mode"},"sceneLighting":false,"audioPlay":false,"sceneViewState":{"m_AlwaysRefresh":false,"showFog":true,"showSkybox":false,"showFlares":true,"showImageEffects":true,"showParticleSystems":true,"showVisualEffectGraphs":true,"m_FxEnabled":true},"in2DMode":false,"pivot":{"x":-1.201418399810791,"y":0.48798882961273196,"z":-0.2621399164199829},"rotation":{"x":-0.16154778003692628,"y":-0.02457314543426037,"z":0.004023392219096422,"w":-0.9865480661392212},"size":1.2818727493286133,"orthographic":false}