{"cameraMode":{"drawMode":0,"name":"Shaded","section":"Shading Mode"},"sceneLighting":false,"audioPlay":false,"sceneViewState":{"m_AlwaysRefresh":false,"showFog":true,"showSkybox":false,"showFlares":true,"showImageEffects":true,"showParticleSystems":true,"showVisualEffectGraphs":true,"m_FxEnabled":true},"in2DMode":false,"pivot":{"x":13.242053031921387,"y":3.625013828277588,"z":1.1395907402038575},"rotation":{"x":0.03237796947360039,"y":0.029980190098285676,"z":-0.0009720305097289383,"w":0.9990310072898865},"size":5.895839214324951,"orthographic":false}