{"cameraMode":{"drawMode":0,"name":"Shaded","section":"Shading Mode"},"sceneLighting":true,"audioPlay":false,"sceneViewState":{"m_AlwaysRefresh":false,"showFog":true,"showSkybox":true,"showFlares":true,"showImageEffects":true,"showParticleSystems":true,"showVisualEffectGraphs":true,"m_FxEnabled":true},"in2DMode":false,"pivot":{"x":-8.045658111572266,"y":-1.4602069854736329,"z":-10.839630126953125},"rotation":{"x":0.34186115860939028,"y":0.00281952740624547,"z":-0.0010258358670398594,"w":0.9397462606430054},"size":51.062469482421878,"orthographic":false}