{"cameraMode":{"drawMode":0,"name":"Shaded","section":"Shading Mode"},"sceneLighting":true,"audioPlay":false,"sceneViewState":{"m_AlwaysRefresh":false,"showFog":true,"showSkybox":true,"showFlares":true,"showImageEffects":true,"showParticleSystems":true,"showVisualEffectGraphs":true,"m_FxEnabled":true},"in2DMode":false,"pivot":{"x":1.8968687057495118,"y":2.0952205657958986,"z":-0.20487505197525025},"rotation":{"x":0.06934864819049835,"y":-0.7111825942993164,"z":0.07085946947336197,"w":0.6959961652755737},"size":2.9288573265075685,"orthographic":false}