{"cameraMode":{"drawMode":0,"name":"Shaded","section":"Shading Mode"},"sceneLighting":true,"audioPlay":false,"sceneViewState":{"m_AlwaysRefresh":false,"showFog":true,"showSkybox":true,"showFlares":true,"showImageEffects":true,"showParticleSystems":true,"showVisualEffectGraphs":true,"m_FxEnabled":true},"in2DMode":false,"pivot":{"x":-0.0035796165466308595,"y":5.118134498596191,"z":-6.978155136108398},"rotation":{"x":0.07952670007944107,"y":0.0705275684595108,"z":-0.005646893754601479,"w":0.9943362474441528},"size":12.12435531616211,"orthographic":false}