{"cameraMode":{"drawMode":0,"name":"Shaded","section":"Shading Mode"},"sceneLighting":true,"audioPlay":false,"sceneViewState":{"m_AlwaysRefresh":false,"showFog":true,"showSkybox":true,"showFlares":true,"showImageEffects":true,"showParticleSystems":true,"showVisualEffectGraphs":true,"m_FxEnabled":true},"in2DMode":false,"pivot":{"x":0.059630632400512698,"y":1.2735011577606202,"z":104.06198120117188},"rotation":{"x":-0.4392784833908081,"y":0.07048273086547852,"z":-0.03459738567471504,"w":-0.8949139714241028},"size":3.9787540435791017,"orthographic":false}