{"cameraMode":{"drawMode":0,"name":"Shaded","section":"Shading Mode"},"sceneLighting":false,"audioPlay":false,"sceneViewState":{"m_AlwaysRefresh":false,"showFog":true,"showSkybox":false,"showFlares":true,"showImageEffects":true,"showParticleSystems":true,"showVisualEffectGraphs":true,"m_FxEnabled":true},"in2DMode":false,"pivot":{"x":-6.679999351501465,"y":22.899999618530275,"z":0.19999998807907105},"rotation":{"x":0.34186115860939028,"y":0.00281952740624547,"z":-0.0010258358670398594,"w":0.9397462606430054},"size":1.299038290977478,"orthographic":false}